sample	sample	condition
C1_me_02768AAE_GGTCAATTGC-ATTCCTTGCA	C1_me_02768AAE_GGTCAATTGC-ATTCCTTGCA	Control
C2_me_02769AAE_ATCTGTCTTG-TCATACTAGC	C2_me_02769AAE_ATCTGTCTTG-TCATACTAGC	Control
C3_me_02770AAE_TAAGCCAGAT-GACGTGCCTT	C3_me_02770AAE_TAAGCCAGAT-GACGTGCCTT	Control
T1_as_02771AAE_CTGATGGACC-CGGAGATGAG	T1_as_02771AAE_CTGATGGACC-CGGAGATGAG	As
T2_as_02772AAE_CATAGTTCCA-TACGATCAGG	T2_as_02772AAE_CATAGTTCCA-TACGATCAGG	As
T3_as_02773AAE_TTATACCTTG-CTGCTAGTAC	T3_as_02773AAE_TTATACCTTG-CTGCTAGTAC	As
T4_cr_02774AAE_AGGCTAGGAT-AGTACCTCTA	T4_cr_02774AAE_AGGCTAGGAT-AGTACCTCTA	Cr
T5_cr_02775AAE_GCCGTGAAGT-GCATGGAGCG	T5_cr_02775AAE_GCCGTGAAGT-GCATGGAGCG	Cr
T6_cr_02776AAE_TCTCCGGACC-ATCTGAAGAT	T6_cr_02776AAE_TCTCCGGACC-ATCTGAAGAT	Cr
